username,email,password,address
priya,priya@example.com,Priya@456,Bangalore
arjun,arjun@example.com,Arjun#789,Delhi
neha,neha@example.com,Neha!321,Pune
rohit,rohit@example.com,Rohit$654,Hyderabad
isha,isha@example.com,Isha%987,Chennai
siddharth,siddharth@example.com,Siddharth&234,Kolkata
ananya,ananya@example.com,Ananya*678,Ahmedabad
kartik,kartik@example.com,Kartik@432,Gurgaon
divya,divya@example.com,Divya_890,Jaipur
